{
  "0": {
    "title": "Pricing",
    "description": "Quickly build an effective pricing table for your potential customers with this layout. It's built with default MUI components with little customization."
  },
  "1": {
    "title": "Free",
    "price": "0",
    "description": [
      "10 users included",
      "2 GB of storage",
      "Help center access",
      "Email support"
    ],
    "buttonText": "Sign up for free",
    "buttonVariant": "outlined"
  },
  "2": {
    "title": "Pro",
    "subheader": "Most popular",
    "price": "15",
    "description": [
      "20 users included",
      "10 GB of storage",
      "Help center access",
      "Priority email support"
    ],
    "buttonText": "Get started",
    "buttonVariant": "contained"
  },
  "3": {
    "title": "Enterprise",
    "price": "30",
    "description": [
      "50 users included",
      "30 GB of storage",
      "Help center access",
      "Phone & email support"
    ],
    "buttonText": "Contact us",
    "buttonVariant": "outlined"
  }
}